﻿<?xml version="1.0" encoding="utf-8"?>
<deployment>
  <id>3b69a149-9991-4d9f-9372-f408f854d5f9</id>
  <author>N/A</author>
  <deployer>Push-Deployer</deployer>
  <authorEmail>N/A</authorEmail>
  <message>Created via a push deployment</message>
  <progress></progress>
  <status>Success</status>
  <statusText></statusText>
  <lastSuccessEndTime>2026-01-28T01:17:56.5708764Z</lastSuccessEndTime>
  <receivedTime>2026-01-28T01:17:42.8599262Z</receivedTime>
  <startTime>2026-01-28T01:17:44.2835036Z</startTime>
  <endTime>2026-01-28T01:17:56.5708764Z</endTime>
  <complete>True</complete>
  <is_temp>False</is_temp>
  <is_readonly>True</is_readonly>
  <buildSummary />
</deployment>