﻿<?xml version="1.0" encoding="utf-8"?>
<deployment>
  <id>e321121b-9e2a-437e-bc9f-a0b0e7862200</id>
  <author>N/A</author>
  <deployer>Push-Deployer</deployer>
  <authorEmail>N/A</authorEmail>
  <message>Created via a push deployment</message>
  <progress></progress>
  <status>Success</status>
  <statusText></statusText>
  <lastSuccessEndTime>2026-01-28T01:27:04.7291393Z</lastSuccessEndTime>
  <receivedTime>2026-01-28T01:26:34.7709059Z</receivedTime>
  <startTime>2026-01-28T01:26:37.5283519Z</startTime>
  <endTime>2026-01-28T01:27:04.7291393Z</endTime>
  <complete>True</complete>
  <is_temp>False</is_temp>
  <is_readonly>True</is_readonly>
  <buildSummary />
</deployment>