<step title="BackgroundTrace" date="2026-01-28T01:26:29.498" instance="26e625" url="/api/zipdeploy" method="POST" >
  <step title="Creating temporary deployment - FetchDeploymentManager" date="2026-01-28T01:26:29.723" /><!-- duration: 42ms -->
  <step title="Creating temporary deployment" date="2026-01-28T01:26:29.855" /><!-- duration: 352ms -->
  <step title="Performing fetch based deployment" date="2026-01-28T01:26:30.436" >
    <step title="Cleaning up temp folders from previous zip deployments and extracting pushed zip file /tmp/zipdeploy/18770e65-e65e-4cf5-a1f5-519505ea3f8e.zip (0.26 MB) to /tmp/zipdeploy/extracted" date="2026-01-28T01:26:31.877" >
      <step title="ChmodRecursive Process exited with total time taken in ms: 60" date="2026-01-28T01:26:32.148" /><!-- duration: 20ms -->
    </step><!-- duration: 321ms -->
    <step title="Deployment timer started" date="2026-01-28T01:26:34.339" >
      <step title="DeploymentManager.Deploy(id:e321121b-9e2a-437e-bc9f-a0b0e7862200)" date="2026-01-28T01:26:34.440" >
        <step title="Collecting changeset information" date="2026-01-28T01:26:34.640" /><!-- duration: 263ms -->
        <step title="Updating submodules" date="2026-01-28T01:26:34.984" /><!-- duration: 1962ms -->
        <step title="Determining deployment builder" date="2026-01-28T01:26:37.668" >
          <step title="Builder is BasicBuilder" date="2026-01-28T01:26:37.871" /><!-- duration: 108ms -->
        </step><!-- duration: 332ms -->
        <step title="PreDeployment: context.CleanOutputPath False" date="2026-01-28T01:26:38.303" >
          <step title="PreDeployment: context.OutputPath /home/site/wwwroot" date="2026-01-28T01:26:38.763" >
            <step title="Building" date="2026-01-28T01:26:39.266" >
              <step title="Executing external process" date="2026-01-28T01:26:40.654" type="process" path="starter.sh" arguments="/opt/Kudu/Scripts/parallel_rsync.sh /tmp/zipdeploy/extracted /home/site/wwwroot 8 /tmp/ False True  " /><!-- duration: 20768ms -->
              <step title="Triggering recycle (preview mode disabled)." date="2026-01-28T01:27:02.801" /><!-- duration: 298ms -->
              <step title="Modified file to trigger a restart of the app container." date="2026-01-28T01:27:03.562" /><!-- duration: 132ms -->
              <step title="Skip function trigger and logicapp sync because function is not enabled." date="2026-01-28T01:27:03.744" /><!-- duration: 163ms -->
              <step title="Purge deployment items" date="2026-01-28T01:27:06.159" >
                <step title="Remove temp-e994, Failed, received at 01/28/2026 01:26:30" date="2026-01-28T01:27:06.550" /><!-- duration: 61ms -->
              </step><!-- duration: 491ms -->
            </step><!-- duration: 27577ms -->
          </step><!-- duration: 28111ms -->
          <step title="Cleaning up temp files" date="2026-01-28T01:27:06.904" /><!-- duration: 38ms -->
          <step title="Cleaning up temp files" date="2026-01-28T01:27:06.984" /><!-- duration: 572ms -->
          <step title="Reloading status file with latest updates" date="2026-01-28T01:27:07.688" >
            <step title="WebHooksManager.PublishEventAsync: PostDeployment" date="2026-01-28T01:27:07.756" /><!-- duration: 121ms -->
          </step><!-- duration: 201ms -->
          <step title="Cleaning up temporary deployment - fetch deployment was successful" date="2026-01-28T01:27:07.938" /><!-- duration: 19ms -->
        </step><!-- duration: 29755ms -->
      </step><!-- duration: 33691ms -->
