<step title="Incoming Request" date="2026-01-28T01:17:35.471" instance="26e625" url="/api/zipdeploy?isAsync=true" method="POST" type="request" pid="833,1,5" Accept="*/*" Host="cloudstrucc-ba-forms.scm.azurewebsites.net" User-Agent="AZURECLI/2.82.0 (HOMEBREW)" Accept-Encoding="gzip, deflate" Authorization="Bea..." Cache-Control="no-cache" Content-Type="application/octet-stream" Content-Length="274124" x-ms-client-request-id="0b111eea-fbe7-11f0-b67e-1a2eff4150bc" x-ms-artifact-checksum="ff1db646634e02134b358a3700d188f69feee8a321af951f85b5fe7cb938a2df" X-ARR-LOG-ID="0b111eea-fbe7-11f0-b67e-1a2eff4150bc" CLIENT-IP="142.126.196.143:59475" X-SITE-DEPLOYMENT-ID="cloudstrucc-ba-forms" WAS-DEFAULT-HOSTNAME="cloudstrucc-ba-forms.scm.azurewebsites.net" X-Forwarded-Proto="https" X-AppService-Proto="https" X-Forwarded-TlsVersion="1.3" X-WAWS-Unencoded-URL="/api/zipdeploy?isAsync=true" X-Client-IP="142.126.196.143" X-Client-Port="59475" >
  <step title="ZipPushDeploy" date="2026-01-28T01:17:37.342" >
    <step title="ZipDeploy. Extract zip." date="2026-01-28T01:17:37.401" /><!-- duration: 12ms -->
    <step title="None repository commit" date="2026-01-28T01:17:37.503" >
      <step title="Commit id: 3b69a149-9991-4d9f-9372-f408f854d5f9" date="2026-01-28T01:17:37.542" Message="N/A" AuthorName="N/A" AuthorEmail="N/A" /><!-- duration: 11ms -->
    </step><!-- duration: 69ms -->
    <step title="Starting PushDeployAsync" date="2026-01-28T01:17:37.592" /><!-- duration: 11ms -->
    <step title="Writing artifact to /tmp/zipdeploy/ab5e335e-96ba-4ef5-bf07-82c572a594ce.zip" date="2026-01-28T01:17:37.715" >
      <step title="Writing multipart request body to /tmp/zipdeploy/ab5e335e-96ba-4ef5-bf07-82c572a594ce.zip" date="2026-01-28T01:17:37.745" /><!-- duration: 10ms -->
    </step><!-- duration: 201ms -->
    <step title="Start deployment in the background" date="2026-01-28T01:17:37.984" >
      <step title="Acquiring Deployment Lock" date="2026-01-28T01:17:38.095" /><!-- duration: 22ms -->
      <step title="Acquired Deployment Lock" date="2026-01-28T01:17:38.317" /><!-- duration: 31ms -->
    </step><!-- duration: 665ms -->
  </step><!-- duration: 1386ms -->
  <step title="Outgoing response" date="2026-01-28T01:17:38.819" type="response" statusCode="202" statusText="Accepted" /><!-- duration: 40ms -->
</step><!-- duration: 3408ms -->
