<step title="Incoming Request" date="2026-01-28T01:26:29.240" instance="26e625" url="/api/zipdeploy?isAsync=true" method="POST" type="request" pid="833,1,32" Accept="*/*" Host="cloudstrucc-ba-forms.scm.azurewebsites.net" User-Agent="AZURECLI/2.82.0 (HOMEBREW)" Accept-Encoding="gzip, deflate" Authorization="Bea..." Cache-Control="no-cache" Content-Type="application/octet-stream" Content-Length="274124" x-ms-client-request-id="5d5e2bec-fbe8-11f0-a04c-1a2eff4150bc" x-ms-artifact-checksum="76cba0c5923e0d5593bf3cc627ceea6a507786e5c296dad1e6c5bec0f0e917e5" X-ARR-LOG-ID="5d5e2bec-fbe8-11f0-a04c-1a2eff4150bc" CLIENT-IP="142.126.196.143:59617" X-SITE-DEPLOYMENT-ID="cloudstrucc-ba-forms" WAS-DEFAULT-HOSTNAME="cloudstrucc-ba-forms.scm.azurewebsites.net" X-Forwarded-Proto="https" X-AppService-Proto="https" X-Forwarded-TlsVersion="1.3" X-WAWS-Unencoded-URL="/api/zipdeploy?isAsync=true" X-Client-IP="142.126.196.143" X-Client-Port="59617" >
  <step title="Cleanup Xml Logs" date="2026-01-28T01:26:29.260" /><!-- duration: 12ms -->
  <step title="ZipPushDeploy" date="2026-01-28T01:26:29.362" >
    <step title="ZipDeploy. Extract zip." date="2026-01-28T01:26:29.373" /><!-- duration: 4ms -->
    <step title="Starting PushDeployAsync" date="2026-01-28T01:26:29.384" /><!-- duration: 4ms -->
    <step title="Writing artifact to /tmp/zipdeploy/18770e65-e65e-4cf5-a1f5-519505ea3f8e.zip" date="2026-01-28T01:26:29.407" >
      <step title="Writing multipart request body to /tmp/zipdeploy/18770e65-e65e-4cf5-a1f5-519505ea3f8e.zip" date="2026-01-28T01:26:29.411" /><!-- duration: 12ms -->
    </step><!-- duration: 73ms -->
    <step title="Start deployment in the background" date="2026-01-28T01:26:29.492" >
      <step title="Acquiring Deployment Lock" date="2026-01-28T01:26:29.512" /><!-- duration: 5ms -->
      <step title="Acquired Deployment Lock" date="2026-01-28T01:26:29.603" /><!-- duration: 30ms -->
    </step><!-- duration: 734ms -->
  </step><!-- duration: 895ms -->
  <step title="Outgoing response" date="2026-01-28T01:26:30.346" type="response" statusCode="202" statusText="Accepted" /><!-- duration: 12ms -->
</step><!-- duration: 1129ms -->
