<step title="BackgroundTrace" date="2026-01-28T01:17:38.014" instance="26e625" url="/api/zipdeploy" method="POST" >
  <step title="Creating temporary deployment - FetchDeploymentManager" date="2026-01-28T01:17:38.367" /><!-- duration: 22ms -->
  <step title="Creating temporary deployment" date="2026-01-28T01:17:38.407" /><!-- duration: 202ms -->
  <step title="Performing fetch based deployment" date="2026-01-28T01:17:39.010" >
    <step title="Cleaning up temp folders from previous zip deployments and extracting pushed zip file /tmp/zipdeploy/ab5e335e-96ba-4ef5-bf07-82c572a594ce.zip (0.26 MB) to /tmp/zipdeploy/extracted" date="2026-01-28T01:17:40.472" >
      <step title="ChmodRecursive Process exited with total time taken in ms: 70" date="2026-01-28T01:17:40.724" /><!-- duration: 11ms -->
    </step><!-- duration: 268ms -->
    <step title="Deployment timer started" date="2026-01-28T01:17:42.751" >
      <step title="DeploymentManager.Deploy(id:3b69a149-9991-4d9f-9372-f408f854d5f9)" date="2026-01-28T01:17:42.761" >
        <step title="Collecting changeset information" date="2026-01-28T01:17:42.809" /><!-- duration: 115ms -->
        <step title="Updating submodules" date="2026-01-28T01:17:42.935" /><!-- duration: 1136ms -->
        <step title="Determining deployment builder" date="2026-01-28T01:17:44.397" >
          <step title="Builder is BasicBuilder" date="2026-01-28T01:17:44.450" /><!-- duration: 4ms -->
        </step><!-- duration: 62ms -->
        <step title="PreDeployment: context.CleanOutputPath False" date="2026-01-28T01:17:44.563" >
          <step title="PreDeployment: context.OutputPath /home/site/wwwroot" date="2026-01-28T01:17:44.780" >
            <step title="Building" date="2026-01-28T01:17:44.994" >
              <step title="Executing external process" date="2026-01-28T01:17:45.353" type="process" path="starter.sh" arguments="/opt/Kudu/Scripts/parallel_rsync.sh /tmp/zipdeploy/extracted /home/site/wwwroot 8 /tmp/ False True  " /><!-- duration: 9489ms -->
              <step title="Triggering recycle (preview mode disabled)." date="2026-01-28T01:17:55.738" /><!-- duration: 21ms -->
              <step title="Modified file to trigger a restart of the app container." date="2026-01-28T01:17:55.859" /><!-- duration: 30ms -->
              <step title="Skip function trigger and logicapp sync because function is not enabled." date="2026-01-28T01:17:55.910" /><!-- duration: 38ms -->
            </step><!-- duration: 12273ms -->
          </step><!-- duration: 12557ms -->
          <step title="Cleaning up temp files" date="2026-01-28T01:17:57.355" /><!-- duration: 20ms -->
          <step title="Cleaning up temp files" date="2026-01-28T01:17:57.416" /><!-- duration: 514ms -->
          <step title="Reloading status file with latest updates" date="2026-01-28T01:17:58.051" >
            <step title="WebHooksManager.PublishEventAsync: PostDeployment" date="2026-01-28T01:17:58.131" /><!-- duration: 331ms -->
          </step><!-- duration: 461ms -->
          <step title="Cleaning up temporary deployment - fetch deployment was successful" date="2026-01-28T01:17:58.542" /><!-- duration: 12ms -->
        </step><!-- duration: 14190ms -->
      </step><!-- duration: 16195ms -->
